name,email,phoneNumber
John Smith,john.smith@email.com,0123456789
Sarah Johnson,sarah.johnson@email.com,0987654321
Michael Brown,michael.brown@email.com,0555666777
Emily Davis,emily.davis@email.com,0333444555
David Wilson,david.wilson@email.com,0777888999
Lisa Anderson,lisa.anderson@email.com,0111222333
Robert Taylor,robert.taylor@email.com,0444555666
Jennifer Martinez,jennifer.martinez@email.com,0666777888
William Garcia,william.garcia@email.com,0888999000
Amanda Rodriguez,amanda.rodriguez@email.com,0222333444
James Lopez,james.lopez@email.com,0555666777
Michelle White,michelle.white@email.com,0777888999
Christopher Lee,christopher.lee@email.com,0999000111
Jessica Hall,jessica.hall@email.com,0111222333
Daniel Allen,daniel.allen@email.com,0333444555
Ashley Young,ashley.young@email.com,0555666777
Matthew King,matthew.king@email.com,0777888999
Nicole Wright,nicole.wright@email.com,0999000111
Joshua Green,joshua.green@email.com,0111222333
Stephanie Baker,stephanie.baker@email.com,0333444555
Andrew Adams,andrew.adams@email.com,0555666777
Rebecca Nelson,rebecca.nelson@email.com,0777888999
Kevin Carter,kevin.carter@email.com,0999000111
Laura Mitchell,laura.mitchell@email.com,0111222333
Brian Perez,brian.perez@email.com,0333444555
Rachel Roberts,rachel.roberts@email.com,0555666777
Steven Turner,steven.turner@email.com,0777888999
Heather Phillips,heather.phillips@email.com,0999000111
Timothy Campbell,timothy.campbell@email.com,0111222333
Melissa Parker,melissa.parker@email.com,0333444555
Jeffrey Evans,jeffrey.evans@email.com,0555666777
Deborah Edwards,deborah.edwards@email.com,0777888999
Ryan Collins,ryan.collins@email.com,0999000111
Kimberly Stewart,kimberly.stewart@email.com,0111222333
Jacob Morris,jacob.morris@email.com,0333444555
Amber Rogers,amber.rogers@email.com,0555666777
Gary Reed,gary.reed@email.com,0777888999
Danielle Cook,danielle.cook@email.com,0999000111
Jonathan Morgan,jonathan.morgan@email.com,0111222333
Brittany Bell,brittany.bell@email.com,0333444555
Tyler Murphy,tyler.murphy@email.com,0555666777
Megan Bailey,megan.bailey@email.com,0777888999
Adam Rivera,adam.rivera@email.com,0999000111
Lauren Cooper,lauren.cooper@email.com,0111222333
Nathan Richardson,nathan.richardson@email.com,0333444555
Crystal Cox,crystal.cox@email.com,0555666777
Sean Howard,sean.howard@email.com,0777888999
Tiffany Ward,tiffany.ward@email.com,0999000111
Brandon Torres,brandon.torres@email.com,0111222333
Crystal Peterson,crystal.peterson@email.com,0333444555 